id,speciality,Насколько вам интересна работа с компьютерами и технологиями?,"Насколько вы любите работать руками, собирать или чинить технику?",Как сильно вам нравится придумывать новые идеи и решения?,Насколько вы внимательны к деталям и точности?,Любите ли вы работать с людьми и помогать им?,Интересно ли вам разбираться в законах и социальных нормах?,"Насколько комфортно вам выполнять однообразные, точные задачи?","Вам ближе работа с числами, расчётами и финансами?",Насколько вам нравится работать с природой и участвовать в её сохранении?,Любите ли вы проектировать — визуально или технически?,Насколько вам интересно изучать устройства машин и механизмов?,Насколько важна для вас эстетика и визуальная сторона работы?,Любите ли вы анализировать данные и искать закономерности?,Насколько вы готовы к физической работе и техническим задачам?,"Насколько вы бы хотели развиваться в сфере обслуживания (туризм, клиенты)?",Любите ли вы планировать и оптимизировать процессы?,Вам интересно работать в командах и управлять другими?,Хочется ли вам заниматься проектами с элементами творчества и искусства?,Насколько вы уверенно чувствуете себя при решении технических задач?,"Вам важно, чтобы работа приносила пользу обществу?"
Р_001,Реклама,4,1,4,4,4,2,2,2,4,2,3,4,4,2,2,2,3,4,1,4
Р_002,Реклама,4,1,4,4,4,2,3,4,3,2,1,5,3,2,2,2,4,4,1,3
Р_003,Реклама,2,2,5,4,4,2,4,3,4,2,2,4,4,2,4,4,4,4,3,2
Р_004,Реклама,2,3,4,3,3,2,2,3,3,3,3,5,2,2,3,2,4,4,3,4
Р_005,Реклама,2,3,4,2,4,3,3,4,4,4,1,5,2,1,2,3,4,5,1,2
Р_006,Реклама,4,3,5,2,4,3,4,3,2,3,1,4,4,3,4,3,4,5,2,2
Р_007,Реклама,2,3,5,2,3,2,2,4,2,4,2,4,3,2,4,3,4,4,3,4
Р_008,Реклама,2,3,5,4,4,2,3,3,2,3,1,5,4,1,4,2,4,4,1,3
Р_009,Реклама,2,3,4,4,4,3,2,2,3,3,1,4,2,3,2,2,4,4,3,2
Р_010,Реклама,2,3,5,4,3,3,4,4,3,2,3,4,4,2,3,4,4,5,3,3
Р_011,Реклама,2,1,4,2,4,2,4,4,2,4,1,4,2,3,4,2,3,4,1,3
Р_012,Реклама,2,3,4,3,4,2,4,2,4,4,3,5,2,2,3,2,3,4,3,3
Р_013,Реклама,3,2,5,3,3,4,4,4,2,2,2,5,2,1,2,2,4,4,2,2
Р_014,Реклама,3,2,4,2,4,4,2,2,4,4,1,4,2,1,3,3,4,4,2,2
Р_015,Реклама,2,2,4,3,4,3,3,3,4,4,3,5,2,1,3,2,3,4,3,3
Р_016,Реклама,2,1,5,4,3,2,4,2,2,2,3,4,4,1,3,2,3,4,3,2
Р_017,Реклама,3,3,5,3,3,4,4,3,2,3,2,4,4,3,3,3,4,4,1,3
Р_018,Реклама,4,3,4,2,3,4,3,2,3,2,1,5,3,1,3,4,4,4,3,4
Р_019,Реклама,3,3,4,2,4,2,2,4,4,2,2,5,4,1,4,3,3,5,3,3
Р_020,Реклама,3,1,4,4,4,3,2,2,3,2,3,5,2,3,3,4,4,4,1,2
ТИК_001,Технологии индустрии красоты,3,2,3,3,4,3,2,2,3,3,1,5,2,4,4,4,2,4,3,5
ТИК_002,Технологии индустрии красоты,3,4,3,2,4,2,3,2,2,4,2,5,4,4,4,3,2,3,2,4
ТИК_003,Технологии индустрии красоты,2,2,3,3,5,3,2,2,2,4,1,5,3,3,4,3,3,4,3,5
ТИК_004,Технологии индустрии красоты,1,2,4,2,5,2,2,4,3,3,3,5,3,4,4,3,4,3,2,4
ТИК_005,Технологии индустрии красоты,3,3,3,4,4,3,3,2,4,3,3,5,4,2,5,4,3,4,2,5
ТИК_006,Технологии индустрии красоты,3,3,3,2,5,4,3,4,4,2,3,5,3,4,4,3,3,3,2,5
ТИК_007,Технологии индустрии красоты,2,3,4,4,4,4,3,4,2,4,1,5,4,4,5,2,2,4,1,4
ТИК_008,Технологии индустрии красоты,1,2,3,2,5,4,2,3,3,4,3,4,4,4,5,3,3,3,1,4
ТИК_009,Технологии индустрии красоты,1,3,3,2,5,2,4,2,2,3,1,5,4,4,5,3,4,4,3,5
ТИК_010,Технологии индустрии красоты,1,4,4,3,5,2,4,3,4,3,3,4,3,3,4,4,3,3,2,5
ТИК_011,Технологии индустрии красоты,2,4,3,2,4,2,3,4,2,4,1,4,3,3,5,4,3,4,1,4
ТИК_012,Технологии индустрии красоты,2,3,3,4,5,3,2,3,3,3,2,4,3,2,5,3,3,3,2,5
ТИК_013,Технологии индустрии красоты,3,4,4,4,4,3,2,4,4,2,2,4,2,4,5,2,3,3,1,5
ТИК_014,Технологии индустрии красоты,2,3,3,3,5,3,3,3,3,3,1,5,2,4,4,3,2,3,3,4
ТИК_015,Технологии индустрии красоты,1,2,3,2,4,2,2,3,4,2,3,4,3,4,5,3,2,3,1,5
ТИК_016,Технологии индустрии красоты,1,4,3,3,5,3,4,2,2,4,3,4,2,4,5,4,4,3,3,4
ТИК_017,Технологии индустрии красоты,2,4,4,4,5,2,4,4,3,2,2,5,2,3,5,4,3,3,2,4
ТИК_018,Технологии индустрии красоты,3,4,4,4,5,3,3,4,4,3,2,4,2,3,5,2,3,4,2,4
ТИК_019,Технологии индустрии красоты,2,3,3,3,4,3,3,3,3,4,3,5,4,2,4,2,2,4,2,4
ТИК_020,Технологии индустрии красоты,3,3,4,3,4,2,3,2,3,4,1,5,4,4,5,3,4,4,2,5
ГД_001,Графический дизайнер,4,3,5,3,3,3,2,2,4,4,2,4,4,3,4,2,2,4,3,3
ГД_002,Графический дизайнер,4,3,5,2,2,3,2,3,2,5,1,4,3,1,2,4,3,4,3,3
ГД_003,Графический дизайнер,3,1,5,3,3,3,3,2,2,5,2,4,2,2,3,2,4,4,1,2
ГД_004,Графический дизайнер,4,1,4,2,4,3,4,4,4,4,3,5,3,2,3,4,3,5,3,4
ГД_005,Графический дизайнер,3,3,4,2,4,2,3,4,2,4,1,4,4,1,2,2,3,5,3,4
ГД_006,Графический дизайнер,4,2,4,2,3,4,3,4,3,4,3,4,3,3,4,4,2,5,1,4
ГД_007,Графический дизайнер,3,3,4,3,2,2,2,2,3,5,2,4,3,3,3,4,3,5,3,4
ГД_008,Графический дизайнер,4,2,4,4,2,3,4,3,4,5,1,4,2,3,4,4,2,5,3,2
ГД_009,Графический дизайнер,3,2,5,3,2,4,3,4,3,4,2,5,3,2,3,4,2,4,2,3
ГД_010,Графический дизайнер,4,2,5,4,2,3,2,3,3,5,1,5,4,1,4,4,3,5,1,2
ГД_011,Графический дизайнер,4,3,5,4,3,2,2,3,4,4,2,5,4,2,2,2,4,4,3,2
ГД_012,Графический дизайнер,4,3,4,4,3,2,2,2,3,4,3,4,3,3,3,4,4,5,2,3
ГД_013,Графический дизайнер,4,1,5,4,2,3,2,4,4,4,1,5,3,2,4,3,2,5,3,3
ГД_014,Графический дизайнер,4,1,5,4,3,3,3,4,4,5,2,5,2,3,2,4,3,4,2,2
ГД_015,Графический дизайнер,4,3,5,4,3,3,4,4,2,5,1,4,4,3,3,2,3,4,3,3
ГД_016,Графический дизайнер,3,3,4,3,4,2,2,3,3,5,3,5,4,1,3,4,4,5,2,4
ГД_017,Графический дизайнер,4,3,4,4,2,2,4,4,3,4,3,4,3,1,4,4,2,5,1,4
ГД_018,Графический дизайнер,4,1,4,3,2,3,3,3,3,4,1,5,4,3,2,2,2,4,3,3
ГД_019,Графический дизайнер,3,2,4,2,3,4,3,3,3,4,2,5,4,3,2,2,3,5,3,3
ГД_020,Графический дизайнер,4,3,5,3,3,2,3,3,2,4,2,5,4,2,4,3,2,5,2,2
Д(О_001,Дизайн (по отраслям),4,3,3,4,4,3,3,2,4,5,1,4,4,2,4,4,4,4,3,2
Д(О_002,Дизайн (по отраслям),4,3,3,3,3,2,4,3,4,4,1,5,3,3,3,2,2,4,3,3
Д(О_003,Дизайн (по отраслям),4,3,4,2,3,3,3,4,3,4,2,4,2,1,4,4,4,5,3,3
Д(О_004,Дизайн (по отраслям),2,2,3,3,4,2,3,3,4,5,3,5,4,2,2,4,2,5,1,4
Д(О_005,Дизайн (по отраслям),4,2,3,4,2,4,3,4,3,5,1,4,2,1,3,3,2,4,1,4
Д(О_006,Дизайн (по отраслям),2,2,4,3,4,4,4,4,3,4,2,4,3,3,3,3,2,5,1,3
Д(О_007,Дизайн (по отраслям),3,1,4,2,4,3,4,4,3,4,2,5,2,1,3,2,4,4,3,4
Д(О_008,Дизайн (по отраслям),4,1,3,3,2,2,4,2,2,4,3,4,2,2,2,4,2,5,1,2
Д(О_009,Дизайн (по отраслям),4,2,3,2,4,2,2,2,3,4,3,5,2,1,3,2,2,5,3,2
Д(О_010,Дизайн (по отраслям),4,1,4,3,3,4,4,2,3,4,3,4,4,3,4,3,3,4,1,3
Д(О_011,Дизайн (по отраслям),3,2,3,3,4,3,2,2,3,4,1,4,3,3,4,4,4,5,2,4
Д(О_012,Дизайн (по отраслям),4,2,4,4,4,3,2,4,2,4,2,5,2,2,3,3,3,5,3,2
Д(О_013,Дизайн (по отраслям),3,2,4,4,3,3,2,4,3,4,1,4,2,2,2,4,4,5,1,4
Д(О_014,Дизайн (по отраслям),2,3,4,4,2,3,3,4,3,4,2,5,3,1,4,4,2,4,3,3
Д(О_015,Дизайн (по отраслям),2,1,4,4,3,2,3,4,2,5,3,4,4,3,4,3,2,4,2,4
Д(О_016,Дизайн (по отраслям),3,2,4,2,2,2,4,4,3,4,1,4,2,3,4,2,3,5,2,3
Д(О_017,Дизайн (по отраслям),2,2,4,4,3,4,4,2,2,4,1,4,4,1,3,3,4,5,2,4
Д(О_018,Дизайн (по отраслям),3,2,4,2,4,2,3,3,2,5,3,5,4,3,3,2,2,5,3,2
Д(О_019,Дизайн (по отраслям),2,1,4,2,2,3,3,3,2,4,2,5,2,1,3,4,4,4,3,4
Д(О_020,Дизайн (по отраслям),4,2,3,3,4,2,3,2,3,4,2,5,4,2,4,4,3,5,1,3
З_001,Землеустройство,2,3,2,5,3,3,2,3,4,4,3,3,4,4,1,4,3,3,3,2
З_002,Землеустройство,3,2,2,4,3,4,2,3,5,4,2,1,3,3,1,3,4,1,4,2
З_003,Землеустройство,2,4,3,5,3,4,3,4,5,5,2,2,3,3,2,4,3,3,2,3
З_004,Землеустройство,4,2,3,5,2,2,2,3,5,4,4,1,4,3,3,3,3,3,4,2
З_005,Землеустройство,3,4,3,4,1,3,2,3,4,4,2,1,4,3,3,3,3,2,3,3
З_006,Землеустройство,3,3,4,4,3,4,3,2,5,4,4,3,4,3,2,3,3,1,4,4
З_007,Землеустройство,2,3,3,5,1,4,4,2,5,5,4,2,3,4,3,3,4,3,3,4
З_008,Землеустройство,3,2,3,5,1,2,3,3,4,4,2,1,3,3,1,3,4,2,4,2
З_009,Землеустройство,4,3,2,4,1,4,4,2,5,4,3,2,3,3,3,4,4,2,2,4
З_010,Землеустройство,2,3,3,4,2,4,4,3,5,5,3,3,4,2,1,3,3,1,4,3
З_011,Землеустройство,3,4,2,4,2,2,2,3,5,4,3,1,3,3,2,3,3,1,3,4
З_012,Землеустройство,3,2,3,4,2,2,2,3,4,5,2,1,3,3,2,3,4,2,3,4
З_013,Землеустройство,2,2,2,5,1,2,4,4,5,4,3,1,4,2,1,3,3,3,4,3
З_014,Землеустройство,2,2,3,4,3,4,4,2,4,5,3,1,4,2,3,4,2,3,4,2
З_015,Землеустройство,4,3,2,4,2,3,2,4,5,5,3,3,3,3,1,4,2,3,4,4
З_016,Землеустройство,2,4,4,5,1,2,3,4,5,4,4,2,4,4,1,3,2,3,3,2
З_017,Землеустройство,3,2,2,4,1,3,3,4,5,5,3,1,3,3,2,3,4,2,3,2
З_018,Землеустройство,3,3,3,5,2,3,2,3,5,5,4,2,3,4,2,3,3,3,2,4
З_019,Землеустройство,3,3,2,4,2,4,3,3,5,5,2,3,4,3,2,3,4,2,4,3
З_020,Землеустройство,3,4,2,4,3,4,3,3,4,4,2,3,4,2,1,3,2,3,3,3
МИТ_001,Монтаж и техническое обслуживание судовых машин и механизмов,3,4,4,3,3,3,3,3,3,4,4,3,3,5,2,4,3,1,4,2
МИТ_002,Монтаж и техническое обслуживание судовых машин и механизмов,4,4,3,4,3,2,3,3,4,5,4,3,3,5,1,2,2,1,5,2
МИТ_003,Монтаж и техническое обслуживание судовых машин и механизмов,4,5,2,4,3,3,4,2,4,5,5,1,4,4,2,4,2,1,4,2
МИТ_004,Монтаж и техническое обслуживание судовых машин и механизмов,2,5,2,4,3,4,3,3,4,4,4,1,3,5,3,4,3,3,5,3
МИТ_005,Монтаж и техническое обслуживание судовых машин и механизмов,4,4,2,4,3,2,3,3,4,5,4,3,4,4,1,3,4,1,4,4
МИТ_006,Монтаж и техническое обслуживание судовых машин и механизмов,2,5,2,3,2,4,2,3,4,5,4,2,2,5,1,4,3,3,4,4
МИТ_007,Монтаж и техническое обслуживание судовых машин и механизмов,4,4,4,3,1,4,4,4,4,5,4,1,2,4,3,4,3,3,4,4
МИТ_008,Монтаж и техническое обслуживание судовых машин и механизмов,3,4,3,4,3,3,3,2,4,5,5,2,2,4,1,3,3,2,5,2
МИТ_009,Монтаж и техническое обслуживание судовых машин и механизмов,3,4,3,4,3,3,3,2,3,4,5,1,3,4,2,3,2,1,4,2
МИТ_010,Монтаж и техническое обслуживание судовых машин и механизмов,3,5,4,4,1,2,3,4,4,5,4,1,3,5,2,3,3,1,4,3
МИТ_011,Монтаж и техническое обслуживание судовых машин и механизмов,4,5,2,3,3,3,2,2,3,5,5,2,4,4,1,3,2,2,5,3
МИТ_012,Монтаж и техническое обслуживание судовых машин и механизмов,3,4,3,3,3,4,2,3,4,5,4,2,4,5,3,3,4,3,4,2
МИТ_013,Монтаж и техническое обслуживание судовых машин и механизмов,2,5,3,4,3,3,2,2,4,5,4,1,2,4,3,3,3,3,5,2
МИТ_014,Монтаж и техническое обслуживание судовых машин и механизмов,4,4,3,4,1,3,4,4,3,5,5,3,4,5,2,2,3,2,4,3
МИТ_015,Монтаж и техническое обслуживание судовых машин и механизмов,4,5,4,3,3,3,3,4,4,4,4,3,3,4,3,4,4,3,5,2
МИТ_016,Монтаж и техническое обслуживание судовых машин и механизмов,4,4,2,3,1,2,3,3,3,4,5,3,2,5,3,4,3,3,4,4
МИТ_017,Монтаж и техническое обслуживание судовых машин и механизмов,2,4,4,4,3,3,4,3,3,4,5,3,3,5,3,4,4,3,5,4
МИТ_018,Монтаж и техническое обслуживание судовых машин и механизмов,3,4,2,4,3,3,2,3,3,4,5,2,3,5,3,4,3,2,4,4
МИТ_019,Монтаж и техническое обслуживание судовых машин и механизмов,4,5,3,4,1,3,2,3,4,4,5,2,4,5,3,3,2,1,5,4
МИТ_020,Монтаж и техническое обслуживание судовых машин и механизмов,4,5,2,3,3,4,4,2,2,4,4,3,2,4,1,3,3,3,5,2
УКП_001,"Управление качеством продукции, процессов и услуг",4,1,2,4,3,4,5,3,4,2,3,2,4,3,2,4,4,3,2,4
УКП_002,"Управление качеством продукции, процессов и услуг",2,2,2,4,3,3,4,4,3,2,2,2,3,2,3,5,4,3,4,5
УКП_003,"Управление качеством продукции, процессов и услуг",2,3,3,5,2,2,5,2,4,3,4,2,3,1,4,5,3,3,4,4
УКП_004,"Управление качеством продукции, процессов и услуг",2,3,4,5,3,4,5,2,3,4,2,1,3,2,3,4,2,2,3,4
УКП_005,"Управление качеством продукции, процессов и услуг",3,2,3,5,4,4,4,3,4,3,4,1,3,3,2,5,3,1,3,5
УКП_006,"Управление качеством продукции, процессов и услуг",4,1,4,5,3,4,4,2,2,3,2,2,4,2,4,5,4,3,2,4
УКП_007,"Управление качеством продукции, процессов и услуг",4,3,2,5,4,4,5,2,4,2,2,3,3,3,4,4,2,2,4,5
УКП_008,"Управление качеством продукции, процессов и услуг",2,3,2,5,2,4,5,2,3,2,4,2,4,3,2,5,4,2,4,4
УКП_009,"Управление качеством продукции, процессов и услуг",3,2,2,4,4,2,4,3,3,4,2,3,3,1,3,4,3,2,2,4
УКП_010,"Управление качеством продукции, процессов и услуг",4,3,4,5,3,3,5,3,3,2,4,3,3,3,3,4,2,3,3,4
УКП_011,"Управление качеством продукции, процессов и услуг",4,1,2,4,3,3,5,4,3,2,2,2,4,1,3,4,4,1,2,5
УКП_012,"Управление качеством продукции, процессов и услуг",4,1,2,4,2,2,4,3,4,4,4,1,3,3,2,5,3,1,4,4
УКП_013,"Управление качеством продукции, процессов и услуг",2,1,4,5,2,4,5,4,4,4,3,1,4,1,4,4,3,2,3,4
УКП_014,"Управление качеством продукции, процессов и услуг",4,3,4,4,4,4,5,4,3,2,3,3,4,3,3,5,3,1,3,5
УКП_015,"Управление качеством продукции, процессов и услуг",2,3,3,4,2,3,4,3,2,4,3,2,3,2,2,5,2,2,4,4
УКП_016,"Управление качеством продукции, процессов и услуг",3,2,2,4,2,3,5,4,4,4,2,1,3,3,4,4,3,1,3,5
УКП_017,"Управление качеством продукции, процессов и услуг",2,1,2,4,4,3,4,4,4,4,2,2,3,3,3,5,3,2,4,5
УКП_018,"Управление качеством продукции, процессов и услуг",3,2,3,5,3,2,5,3,2,3,3,2,3,3,2,4,2,2,4,5
УКП_019,"Управление качеством продукции, процессов и услуг",3,1,2,5,2,3,4,3,4,4,4,2,4,2,4,5,3,1,4,5
УКП_020,"Управление качеством продукции, процессов и услуг",2,1,4,5,2,4,4,4,2,2,4,1,3,2,2,4,2,3,2,4
ТМ_001,Технология машиностроения,2,5,3,3,3,4,4,4,3,5,4,1,4,5,1,2,4,3,4,4
ТМ_002,Технология машиностроения,3,4,4,4,1,2,2,4,2,4,4,3,4,5,2,3,3,1,4,3
ТМ_003,Технология машиностроения,3,4,4,3,2,4,2,4,4,4,4,2,3,5,3,3,2,3,3,4
ТМ_004,Технология машиностроения,2,4,3,4,3,3,4,2,4,4,4,1,4,5,2,2,2,3,4,4
ТМ_005,Технология машиностроения,4,4,2,4,1,2,4,2,4,5,4,2,2,4,3,3,4,3,4,3
ТМ_006,Технология машиностроения,4,4,4,3,3,4,3,2,2,5,4,1,3,5,2,2,4,2,4,3
ТМ_007,Технология машиностроения,2,5,4,4,2,2,4,4,4,5,4,3,3,4,3,2,2,2,3,3
ТМ_008,Технология машиностроения,4,4,4,4,2,3,2,2,2,5,5,2,3,4,1,2,2,2,4,4
ТМ_009,Технология машиностроения,4,5,2,3,1,3,4,2,4,5,5,1,3,5,2,2,4,3,3,4
ТМ_010,Технология машиностроения,4,4,4,4,1,2,3,3,3,5,4,1,2,5,2,3,3,2,3,3
ТМ_011,Технология машиностроения,3,4,4,4,3,4,2,3,2,4,5,1,3,5,3,3,3,2,4,3
ТМ_012,Технология машиностроения,4,4,3,4,3,4,2,3,3,4,5,2,3,5,3,2,3,2,4,3
ТМ_013,Технология машиностроения,3,4,4,3,3,4,2,4,4,4,5,3,2,5,2,4,2,2,4,2
ТМ_014,Технология машиностроения,4,5,2,4,3,2,4,3,3,4,5,3,3,5,3,4,4,2,3,3
ТМ_015,Технология машиностроения,4,4,2,3,3,4,3,2,4,4,5,2,3,4,1,2,3,1,3,3
ТМ_016,Технология машиностроения,3,5,3,3,2,2,3,2,3,5,4,1,4,4,2,3,3,2,3,4
ТМ_017,Технология машиностроения,3,5,3,3,2,4,4,3,3,4,5,1,4,4,1,3,4,1,3,4
ТМ_018,Технология машиностроения,2,4,4,3,2,4,3,3,2,5,4,1,4,5,2,2,4,3,3,3
ТМ_019,Технология машиностроения,4,5,3,3,3,2,2,3,4,4,4,3,2,5,2,2,3,1,4,4
ТМ_020,Технология машиностроения,3,5,4,4,3,3,4,2,3,5,5,3,2,5,3,4,2,3,3,3
СП_001,Сварочное производство,1,4,3,3,1,3,4,2,4,3,4,3,2,5,2,2,3,3,4,4
СП_002,Сварочное производство,1,5,3,3,1,3,3,4,2,3,3,2,2,4,2,4,4,3,5,3
СП_003,Сварочное производство,3,5,3,4,2,2,2,4,2,2,4,1,3,4,3,3,2,2,5,4
СП_004,Сварочное производство,3,4,4,3,2,4,3,4,2,4,4,3,2,5,1,4,4,1,5,2
СП_005,Сварочное производство,2,5,3,3,2,2,2,2,4,4,4,3,4,5,1,4,2,1,4,2
СП_006,Сварочное производство,3,5,4,4,3,4,2,3,4,3,4,3,3,4,1,3,2,2,4,4
СП_007,Сварочное производство,1,4,2,4,1,4,3,3,2,4,4,3,3,5,2,2,4,1,5,4
СП_008,Сварочное производство,3,5,4,4,2,3,3,4,2,4,3,3,3,5,1,4,3,1,5,2
СП_009,Сварочное производство,2,5,3,4,2,4,4,2,4,3,4,3,2,4,1,4,3,1,4,2
СП_010,Сварочное производство,2,5,2,4,1,4,2,4,3,2,4,1,4,5,2,2,3,3,4,2
СП_011,Сварочное производство,2,5,4,3,2,4,2,4,2,2,3,2,2,4,3,2,4,3,5,2
СП_012,Сварочное производство,1,5,2,4,3,2,3,2,2,3,3,3,2,4,2,3,3,1,5,2
СП_013,Сварочное производство,3,4,2,3,3,4,2,3,3,4,3,3,4,4,2,4,4,2,4,2
СП_014,Сварочное производство,1,4,2,4,2,3,3,2,2,3,3,1,4,5,3,2,4,2,4,4
СП_015,Сварочное производство,3,4,4,4,2,4,2,2,3,3,3,1,3,4,3,2,3,2,4,3
СП_016,Сварочное производство,3,5,3,3,2,2,2,4,2,2,4,1,2,4,2,4,3,3,5,3
СП_017,Сварочное производство,3,5,2,3,2,2,3,2,4,2,3,3,3,5,3,4,4,3,4,3
СП_018,Сварочное производство,3,5,4,3,1,2,2,3,2,3,3,2,4,4,1,2,4,1,4,2
СП_019,Сварочное производство,2,5,4,4,1,3,2,4,3,4,3,1,3,5,2,4,2,2,4,3
СП_020,Сварочное производство,2,5,2,4,3,2,3,2,3,2,3,1,4,4,1,2,2,1,5,3
С_001,Судостроение,3,3,2,3,3,4,4,4,3,4,5,1,3,5,2,2,4,2,4,4
С_002,Судостроение,4,3,2,3,3,2,3,2,3,5,5,2,2,5,1,3,2,2,5,4
С_003,Судостроение,4,3,3,4,3,3,2,4,4,4,4,1,3,4,1,4,3,3,4,3
С_004,Судостроение,2,4,4,4,1,2,4,2,3,5,4,1,4,5,1,2,2,3,5,4
С_005,Судостроение,3,4,4,3,3,2,4,2,4,5,4,3,4,4,2,4,2,1,5,3
С_006,Судостроение,3,4,4,4,2,3,3,2,2,4,4,3,2,4,1,2,3,2,5,3
С_007,Судостроение,2,4,2,4,2,3,3,2,2,4,5,3,4,4,1,3,2,1,4,3
С_008,Судостроение,3,3,4,4,2,2,2,3,3,4,4,2,2,4,1,2,2,1,4,2
С_009,Судостроение,3,4,4,3,3,4,3,2,2,4,4,3,3,4,1,3,2,1,5,2
С_010,Судостроение,2,4,4,4,2,2,3,4,3,4,5,1,2,5,2,3,2,1,4,4
С_011,Судостроение,3,4,3,4,1,2,3,3,2,5,4,3,4,4,3,4,2,2,5,3
С_012,Судостроение,4,4,3,4,2,3,2,2,3,4,4,2,2,5,3,3,4,1,4,2
С_013,Судостроение,2,3,3,3,1,4,3,3,2,4,4,3,3,5,3,2,4,3,5,4
С_014,Судостроение,4,3,4,3,2,4,3,2,3,4,4,1,2,4,1,4,3,1,5,4
С_015,Судостроение,2,3,3,3,2,2,2,2,4,4,4,3,3,4,2,4,4,2,4,3
С_016,Судостроение,3,4,2,3,3,3,4,3,4,5,4,3,4,5,1,4,4,1,5,3
С_017,Судостроение,4,4,2,3,3,2,4,4,3,4,4,3,3,4,3,4,2,2,4,3
С_018,Судостроение,4,3,2,4,2,2,4,2,4,5,5,1,3,4,1,4,2,2,5,2
С_019,Судостроение,4,3,2,4,2,4,3,2,3,5,5,2,4,5,1,3,4,3,4,2
С_020,Судостроение,3,3,2,4,1,3,3,2,2,5,4,2,2,4,3,2,3,3,5,4
МНИ_001,"Монтаж, наладка и эксплуатация электрооборудования промышленных и гражданских зданий",3,5,4,3,3,3,2,2,2,4,2,1,3,5,3,3,3,1,4,2
МНИ_002,"Монтаж, наладка и эксплуатация электрооборудования промышленных и гражданских зданий",4,5,2,3,2,2,3,2,3,4,2,1,2,4,1,4,3,1,5,2
МНИ_003,"Монтаж, наладка и эксплуатация электрооборудования промышленных и гражданских зданий",4,5,3,4,3,3,2,4,4,4,2,2,3,5,1,3,2,2,5,3
МНИ_004,"Монтаж, наладка и эксплуатация электрооборудования промышленных и гражданских зданий",4,4,3,3,1,4,4,2,2,4,4,2,4,4,3,2,3,3,5,4
МНИ_005,"Монтаж, наладка и эксплуатация электрооборудования промышленных и гражданских зданий",4,4,3,4,1,3,4,2,4,3,2,2,2,4,1,2,2,1,5,2
МНИ_006,"Монтаж, наладка и эксплуатация электрооборудования промышленных и гражданских зданий",4,4,4,3,3,3,3,4,2,3,3,3,3,5,2,4,3,1,5,2
МНИ_007,"Монтаж, наладка и эксплуатация электрооборудования промышленных и гражданских зданий",4,4,2,3,1,4,2,3,4,4,3,2,3,5,3,4,3,1,4,3
МНИ_008,"Монтаж, наладка и эксплуатация электрооборудования промышленных и гражданских зданий",4,4,4,4,1,3,3,4,2,3,4,2,3,5,1,3,3,2,5,3
МНИ_009,"Монтаж, наладка и эксплуатация электрооборудования промышленных и гражданских зданий",3,4,2,4,3,3,3,3,4,4,4,3,2,4,2,2,3,3,5,4
МНИ_010,"Монтаж, наладка и эксплуатация электрооборудования промышленных и гражданских зданий",4,4,4,3,1,3,4,4,3,3,4,3,2,4,1,2,2,1,4,3
МНИ_011,"Монтаж, наладка и эксплуатация электрооборудования промышленных и гражданских зданий",3,5,4,3,2,3,3,4,3,3,4,1,2,5,2,4,3,1,5,4
МНИ_012,"Монтаж, наладка и эксплуатация электрооборудования промышленных и гражданских зданий",4,5,2,4,3,4,2,3,2,4,2,1,4,4,1,4,2,3,4,3
МНИ_013,"Монтаж, наладка и эксплуатация электрооборудования промышленных и гражданских зданий",4,4,4,3,2,2,4,2,4,3,2,2,4,5,3,4,4,2,5,3
МНИ_014,"Монтаж, наладка и эксплуатация электрооборудования промышленных и гражданских зданий",4,5,3,3,2,3,4,4,4,4,4,1,2,5,3,4,4,3,5,3
МНИ_015,"Монтаж, наладка и эксплуатация электрооборудования промышленных и гражданских зданий",3,5,2,4,2,4,3,3,3,4,2,1,4,4,1,4,3,3,5,4
МНИ_016,"Монтаж, наладка и эксплуатация электрооборудования промышленных и гражданских зданий",3,4,4,4,2,3,3,3,3,3,4,3,4,4,2,4,4,1,5,4
МНИ_017,"Монтаж, наладка и эксплуатация электрооборудования промышленных и гражданских зданий",4,5,2,3,2,2,3,2,4,4,4,3,2,5,3,2,2,2,4,4
МНИ_018,"Монтаж, наладка и эксплуатация электрооборудования промышленных и гражданских зданий",4,5,3,4,2,4,3,3,2,4,2,3,4,4,2,2,4,1,5,4
МНИ_019,"Монтаж, наладка и эксплуатация электрооборудования промышленных и гражданских зданий",4,5,2,3,1,2,3,3,4,4,2,2,4,4,1,3,3,3,4,3
МНИ_020,"Монтаж, наладка и эксплуатация электрооборудования промышленных и гражданских зданий",3,4,3,4,1,2,4,2,3,3,2,3,3,5,2,3,3,2,4,2
КСИ_001,Компьютерные системы и комплексы,4,5,2,4,3,2,2,4,2,4,4,4,4,3,1,2,3,3,5,2
КСИ_002,Компьютерные системы и комплексы,4,4,3,4,2,4,4,4,4,5,5,4,3,3,2,3,2,1,5,2
КСИ_003,Компьютерные системы и комплексы,4,4,4,3,1,4,2,4,4,4,4,3,3,3,3,3,4,3,4,4
КСИ_004,Компьютерные системы и комплексы,4,4,4,3,1,4,2,3,3,5,4,4,4,3,3,2,2,3,4,3
КСИ_005,Компьютерные системы и комплексы,5,4,4,4,3,4,4,2,3,4,4,3,3,2,2,2,4,1,5,4
КСИ_006,Компьютерные системы и комплексы,4,5,4,4,2,2,2,4,3,4,5,3,3,2,1,4,2,1,5,2
КСИ_007,Компьютерные системы и комплексы,4,4,4,3,2,4,2,3,3,5,5,2,3,2,1,3,3,3,5,3
КСИ_008,Компьютерные системы и комплексы,4,4,2,3,1,4,4,2,3,5,5,4,4,4,1,3,3,1,4,3
КСИ_009,Компьютерные системы и комплексы,5,5,3,4,3,3,3,4,2,4,4,4,3,2,1,3,4,2,5,2
КСИ_010,Компьютерные системы и комплексы,5,5,4,3,3,4,2,3,3,4,5,3,3,2,2,4,3,1,4,4
КСИ_011,Компьютерные системы и комплексы,5,4,3,3,2,3,4,4,4,5,4,4,3,2,3,2,4,2,5,2
КСИ_012,Компьютерные системы и комплексы,4,5,3,3,2,3,2,4,2,5,5,2,3,3,2,4,3,1,5,3
КСИ_013,Компьютерные системы и комплексы,5,4,3,3,1,3,3,2,4,4,4,4,4,4,3,2,4,3,5,3
КСИ_014,Компьютерные системы и комплексы,5,4,2,4,2,4,4,4,3,5,5,2,3,4,1,2,3,2,5,4
КСИ_015,Компьютерные системы и комплексы,5,4,2,3,2,2,4,4,4,5,4,3,3,2,1,3,2,2,4,4
КСИ_016,Компьютерные системы и комплексы,5,4,3,3,3,4,4,2,3,5,4,3,3,4,3,2,4,2,5,4
КСИ_017,Компьютерные системы и комплексы,4,4,4,3,1,3,4,4,4,5,5,3,3,3,2,3,3,2,4,2
КСИ_018,Компьютерные системы и комплексы,5,5,4,4,3,4,4,4,2,4,4,4,4,4,2,4,2,3,4,4
КСИ_019,Компьютерные системы и комплексы,5,4,3,4,3,4,4,4,3,5,5,2,3,2,2,2,2,3,4,2
КСИ_020,Компьютерные системы и комплексы,5,4,3,4,1,2,4,3,2,4,5,3,3,4,3,4,4,1,5,2
СИС_001,Сетевое и системное администрирование,5,3,4,3,2,3,3,4,3,4,2,1,5,2,3,5,3,3,5,4
СИС_002,Сетевое и системное администрирование,4,3,2,4,2,2,4,2,2,2,4,3,4,3,1,5,4,3,5,2
СИС_003,Сетевое и системное администрирование,4,3,3,3,2,3,4,2,2,2,3,3,4,4,3,5,4,3,5,2
СИС_004,Сетевое и системное администрирование,5,3,2,3,3,2,4,2,3,4,4,2,4,3,1,4,4,2,5,3
СИС_005,Сетевое и системное администрирование,4,3,4,4,3,4,2,2,4,3,3,1,4,2,3,5,4,1,5,3
СИС_006,Сетевое и системное администрирование,5,1,4,4,3,4,3,3,2,3,4,1,5,4,1,4,3,3,4,4
СИС_007,Сетевое и системное администрирование,4,1,4,3,3,3,2,2,4,4,4,2,4,4,3,4,3,2,5,2
СИС_008,Сетевое и системное администрирование,4,1,2,3,2,4,2,4,2,3,3,2,5,4,2,5,4,1,5,4
СИС_009,Сетевое и системное администрирование,4,3,2,3,3,4,2,4,2,3,4,1,5,4,2,4,4,2,5,3
СИС_010,Сетевое и системное администрирование,4,2,2,3,1,4,3,4,3,4,2,2,5,2,3,4,3,1,4,4
СИС_011,Сетевое и системное администрирование,5,3,4,3,2,2,4,4,4,3,2,2,4,2,1,4,4,1,4,2
СИС_012,Сетевое и системное администрирование,4,3,3,3,2,4,2,3,2,2,4,3,5,3,2,4,3,1,5,4
СИС_013,Сетевое и системное администрирование,4,1,3,4,2,3,4,4,3,4,4,1,5,3,2,4,3,2,4,2
СИС_014,Сетевое и системное администрирование,5,2,3,3,3,4,3,3,3,3,3,2,5,4,1,4,3,2,4,4
СИС_015,Сетевое и системное администрирование,4,2,4,3,3,2,2,4,4,2,4,3,5,4,1,4,4,3,5,4
СИС_016,Сетевое и системное администрирование,4,2,3,3,3,4,3,2,3,4,4,1,5,3,3,4,3,3,4,4
СИС_017,Сетевое и системное администрирование,4,2,2,3,3,4,4,2,4,4,3,2,4,2,2,4,3,2,5,2
СИС_018,Сетевое и системное администрирование,4,3,2,4,2,3,3,2,2,4,3,1,5,4,2,4,4,3,5,3
СИС_019,Сетевое и системное администрирование,4,3,3,4,1,4,3,3,3,3,3,3,4,4,1,5,3,1,4,4
СИС_020,Сетевое и системное администрирование,5,1,2,3,1,3,4,4,2,4,2,2,5,4,1,5,4,2,4,4
ИСИ_001,Информационные системы и программирование (Программист),4,3,5,3,1,2,2,4,4,2,2,3,4,3,1,3,2,2,4,4
ИСИ_002,Информационные системы и программирование (Программист),5,3,4,4,1,2,3,4,3,3,2,1,5,3,1,3,4,3,5,2
ИСИ_003,Информационные системы и программирование (Программист),5,2,4,3,2,3,2,2,2,2,4,3,5,1,3,3,2,2,4,4
ИСИ_004,Информационные системы и программирование (Программист),4,1,5,3,3,4,2,4,4,3,4,2,5,1,3,4,2,2,5,3
ИСИ_005,Информационные системы и программирование (Программист),4,2,4,4,2,2,2,3,4,4,3,2,4,1,3,3,4,3,4,4
ИСИ_006,Информационные системы и программирование (Программист),4,2,4,4,2,3,2,2,3,4,4,2,5,3,2,4,4,2,5,2
ИСИ_007,Информационные системы и программирование (Программист),5,3,5,3,2,4,4,3,3,3,4,2,5,3,1,3,4,1,5,4
ИСИ_008,Информационные системы и программирование (Программист),4,1,4,4,2,4,4,4,4,4,2,1,5,3,1,3,2,2,5,2
ИСИ_009,Информационные системы и программирование (Программист),4,2,4,4,1,4,2,4,3,3,4,3,5,3,3,3,2,3,5,3
ИСИ_010,Информационные системы и программирование (Программист),4,1,5,3,1,4,4,4,4,2,4,1,4,2,1,3,2,1,5,3
ИСИ_011,Информационные системы и программирование (Программист),5,3,5,4,3,2,4,2,4,4,2,1,5,3,3,4,3,2,4,4
ИСИ_012,Информационные системы и программирование (Программист),4,2,5,3,2,2,3,4,2,4,2,3,5,2,1,4,4,3,5,4
ИСИ_013,Информационные системы и программирование (Программист),5,2,5,3,2,3,4,3,4,2,3,1,5,1,2,3,4,3,4,3
ИСИ_014,Информационные системы и программирование (Программист),5,2,4,4,1,3,2,3,4,4,3,1,4,2,2,4,2,3,5,2
ИСИ_015,Информационные системы и программирование (Программист),4,2,4,3,3,2,3,2,2,2,2,3,5,1,1,3,2,3,5,4
ИСИ_016,Информационные системы и программирование (Программист),4,3,4,4,2,4,3,3,4,3,3,1,5,2,1,3,2,3,5,3
ИСИ_017,Информационные системы и программирование (Программист),4,3,5,4,3,2,3,2,4,4,3,2,4,1,3,3,3,3,4,3
ИСИ_018,Информационные системы и программирование (Программист),5,3,5,3,3,3,2,3,3,4,3,2,4,2,2,3,3,3,5,3
ИСИ_019,Информационные системы и программирование (Программист),5,2,5,3,3,2,4,4,2,2,4,2,4,3,2,4,2,1,4,3
ИСИ_020,Информационные системы и программирование (Программист),4,1,5,4,1,4,4,4,4,3,3,2,5,3,3,3,3,1,4,2
ИИС_001,Интеллектуальные интегрированные системы,4,2,5,3,2,4,3,3,3,3,4,3,5,2,1,5,2,2,4,4
ИИС_002,Интеллектуальные интегрированные системы,4,2,5,4,3,4,3,4,3,2,3,3,5,2,3,4,2,3,5,3
ИИС_003,Интеллектуальные интегрированные системы,5,1,4,3,2,2,3,3,4,3,4,2,5,2,2,5,4,3,5,3
ИИС_004,Интеллектуальные интегрированные системы,4,1,4,3,3,2,4,3,4,4,4,1,4,1,2,4,2,1,5,4
ИИС_005,Интеллектуальные интегрированные системы,4,1,5,3,1,3,4,2,2,4,3,2,4,1,3,5,3,3,4,2
ИИС_006,Интеллектуальные интегрированные системы,4,1,4,4,2,3,3,4,3,4,3,1,4,3,3,5,4,3,5,4
ИИС_007,Интеллектуальные интегрированные системы,5,2,5,3,1,3,3,3,3,3,2,2,4,1,3,4,3,2,5,4
ИИС_008,Интеллектуальные интегрированные системы,4,3,5,4,2,2,3,3,4,2,2,3,5,1,2,5,3,1,4,4
ИИС_009,Интеллектуальные интегрированные системы,5,2,4,4,1,3,4,2,4,4,4,3,5,2,3,5,3,1,4,2
ИИС_010,Интеллектуальные интегрированные системы,4,2,4,4,3,3,3,4,4,3,2,2,4,1,1,4,2,1,5,3
ИИС_011,Интеллектуальные интегрированные системы,4,3,5,3,1,2,2,2,3,2,3,2,5,2,2,5,4,1,5,2
ИИС_012,Интеллектуальные интегрированные системы,4,1,5,4,1,4,3,2,2,3,3,1,4,3,1,5,3,1,4,2
ИИС_013,Интеллектуальные интегрированные системы,5,3,4,3,2,3,4,3,3,2,4,3,4,3,3,4,3,2,5,2
ИИС_014,Интеллектуальные интегрированные системы,5,1,4,3,1,4,3,3,2,2,3,3,4,2,1,4,2,3,5,4
ИИС_015,Интеллектуальные интегрированные системы,4,2,4,3,1,3,2,4,4,3,4,1,4,2,3,4,4,3,4,2
ИИС_016,Интеллектуальные интегрированные системы,5,1,5,4,2,4,2,2,4,3,3,3,4,2,1,5,4,2,5,4
ИИС_017,Интеллектуальные интегрированные системы,5,1,4,4,2,4,3,3,4,4,2,1,4,2,2,5,4,2,5,2
ИИС_018,Интеллектуальные интегрированные системы,5,3,4,3,3,3,4,2,3,4,2,3,5,1,3,5,4,1,5,3
ИИС_019,Интеллектуальные интегрированные системы,5,3,5,3,1,4,4,2,2,2,2,1,4,1,2,4,2,1,5,4
ИИС_020,Интеллектуальные интегрированные системы,5,3,5,3,2,2,4,4,2,2,2,3,5,1,2,4,3,3,5,3
В_001,Веб‑разработка,4,3,5,4,1,4,2,3,2,4,4,4,3,3,1,4,3,4,3,4
В_002,Веб‑разработка,4,3,4,4,3,4,3,4,2,5,4,5,4,1,1,2,4,5,4,4
В_003,Веб‑разработка,4,3,5,3,2,4,3,3,3,5,4,5,3,3,3,2,3,5,4,3
В_004,Веб‑разработка,5,2,4,4,1,3,4,2,4,4,3,4,4,1,1,3,2,5,3,2
В_005,Веб‑разработка,4,2,5,2,1,3,3,4,2,4,3,5,3,3,2,4,2,4,4,3
В_006,Веб‑разработка,4,2,4,4,3,3,2,4,4,5,2,4,4,2,2,3,2,4,3,4
В_007,Веб‑разработка,5,1,5,4,1,3,4,4,2,5,4,4,3,1,3,4,3,5,3,2
В_008,Веб‑разработка,5,2,5,2,1,3,2,3,4,4,4,5,4,1,2,4,3,4,3,3
В_009,Веб‑разработка,4,2,5,4,3,2,4,4,4,4,2,4,4,2,2,4,4,4,3,4
В_010,Веб‑разработка,5,2,5,3,1,3,3,4,4,4,3,4,4,3,2,4,2,5,3,2
В_011,Веб‑разработка,4,3,5,2,3,2,2,4,2,4,4,4,4,1,2,4,2,5,4,3
В_012,Веб‑разработка,4,2,4,4,3,2,2,4,4,5,4,5,3,3,3,4,2,5,3,3
В_013,Веб‑разработка,4,1,5,2,3,4,3,2,3,4,2,5,4,3,3,3,2,4,4,4
В_014,Веб‑разработка,5,1,5,4,3,2,3,3,4,4,2,4,4,3,3,2,2,4,4,3
В_015,Веб‑разработка,5,2,4,2,2,4,3,3,4,5,2,5,3,3,2,3,2,5,3,2
В_016,Веб‑разработка,5,2,4,2,3,3,4,4,4,4,3,4,3,2,2,4,3,5,3,2
В_017,Веб‑разработка,4,3,4,2,2,4,4,4,2,5,2,4,4,1,3,4,4,4,3,3
В_018,Веб‑разработка,4,3,4,3,2,3,3,3,4,5,2,4,3,1,1,2,4,5,3,4
В_019,Веб‑разработка,4,1,4,3,1,4,3,2,4,5,4,5,3,2,2,3,2,4,3,2
В_020,Веб‑разработка,4,2,4,3,2,2,4,4,2,4,2,4,4,3,2,4,3,5,3,3
РКИ_001,"Разработка компьютерных игр, дополненной и виртуальной реальности",5,1,5,4,2,3,4,4,4,3,4,4,4,2,1,2,4,5,4,4
РКИ_002,"Разработка компьютерных игр, дополненной и виртуальной реальности",5,3,4,2,2,3,3,3,3,4,2,5,4,3,1,4,4,4,5,4
РКИ_003,"Разработка компьютерных игр, дополненной и виртуальной реальности",5,1,4,2,3,4,4,2,3,4,3,5,3,1,2,4,4,4,5,2
РКИ_004,"Разработка компьютерных игр, дополненной и виртуальной реальности",5,2,4,4,3,2,2,2,4,4,4,5,3,3,3,3,4,4,5,4
РКИ_005,"Разработка компьютерных игр, дополненной и виртуальной реальности",5,1,4,3,3,4,2,2,2,3,4,4,4,2,2,4,3,5,4,2
РКИ_006,"Разработка компьютерных игр, дополненной и виртуальной реальности",4,1,4,4,2,2,3,3,3,3,4,5,3,1,3,4,3,5,5,3
РКИ_007,"Разработка компьютерных игр, дополненной и виртуальной реальности",4,3,4,2,3,3,4,4,4,3,2,4,3,1,3,3,2,4,4,4
РКИ_008,"Разработка компьютерных игр, дополненной и виртуальной реальности",5,2,4,2,1,3,2,2,4,4,4,4,4,3,3,3,2,4,5,3
РКИ_009,"Разработка компьютерных игр, дополненной и виртуальной реальности",5,2,4,3,3,2,3,3,2,3,4,5,4,3,2,4,2,4,4,2
РКИ_010,"Разработка компьютерных игр, дополненной и виртуальной реальности",4,2,5,3,3,3,3,4,4,4,2,5,4,2,1,4,2,5,4,2
РКИ_011,"Разработка компьютерных игр, дополненной и виртуальной реальности",4,1,5,4,1,4,2,4,3,4,2,5,4,3,3,2,2,4,5,3
РКИ_012,"Разработка компьютерных игр, дополненной и виртуальной реальности",4,2,5,4,3,3,2,2,4,4,3,5,3,1,1,3,3,5,5,2
РКИ_013,"Разработка компьютерных игр, дополненной и виртуальной реальности",4,2,4,4,2,4,3,3,3,3,4,5,4,3,3,2,2,5,5,2
РКИ_014,"Разработка компьютерных игр, дополненной и виртуальной реальности",4,2,4,3,2,4,4,2,4,4,2,4,4,3,2,4,2,5,5,2
РКИ_015,"Разработка компьютерных игр, дополненной и виртуальной реальности",5,1,5,3,2,2,4,3,2,3,3,4,3,1,2,4,2,5,4,2
РКИ_016,"Разработка компьютерных игр, дополненной и виртуальной реальности",5,2,5,3,1,2,4,4,2,3,4,4,4,2,3,4,2,4,5,2
РКИ_017,"Разработка компьютерных игр, дополненной и виртуальной реальности",4,2,5,2,1,4,4,4,3,3,4,5,3,2,1,2,3,5,5,3
РКИ_018,"Разработка компьютерных игр, дополненной и виртуальной реальности",4,2,4,2,2,2,2,4,4,3,2,5,4,2,1,4,3,4,4,2
РКИ_019,"Разработка компьютерных игр, дополненной и виртуальной реальности",5,3,5,4,2,2,2,2,3,3,2,5,3,1,2,3,2,5,5,3
РКИ_020,"Разработка компьютерных игр, дополненной и виртуальной реальности",5,1,4,3,3,2,2,4,3,3,3,5,4,2,1,2,2,5,5,3
ЭИО_001,Эксплуатация и обслуживание электрического и электромеханического оборудования (по отраслям),2,5,3,4,2,2,2,3,2,5,4,2,2,5,2,4,4,1,4,3
ЭИО_002,Эксплуатация и обслуживание электрического и электромеханического оборудования (по отраслям),4,4,3,3,2,4,3,3,4,5,3,3,2,4,2,3,2,2,4,4
ЭИО_003,Эксплуатация и обслуживание электрического и электромеханического оборудования (по отраслям),4,5,3,4,3,4,2,2,4,4,4,1,4,5,2,4,2,2,4,3
ЭИО_004,Эксплуатация и обслуживание электрического и электромеханического оборудования (по отраслям),3,4,4,3,3,4,3,3,3,4,3,1,2,4,1,4,2,2,5,3
ЭИО_005,Эксплуатация и обслуживание электрического и электромеханического оборудования (по отраслям),4,5,2,3,3,3,3,4,4,5,4,3,3,4,3,2,4,3,5,2
ЭИО_006,Эксплуатация и обслуживание электрического и электромеханического оборудования (по отраслям),3,4,3,3,1,4,4,3,2,5,3,1,3,5,3,3,4,2,5,3
ЭИО_007,Эксплуатация и обслуживание электрического и электромеханического оборудования (по отраслям),3,4,4,3,2,2,2,4,3,5,4,1,3,4,1,2,2,3,4,2
ЭИО_008,Эксплуатация и обслуживание электрического и электромеханического оборудования (по отраслям),4,5,4,4,1,2,2,4,3,5,4,3,2,5,3,3,4,2,5,3
ЭИО_009,Эксплуатация и обслуживание электрического и электромеханического оборудования (по отраслям),2,4,3,3,3,3,4,2,4,5,4,3,4,5,1,2,4,2,5,2
ЭИО_010,Эксплуатация и обслуживание электрического и электромеханического оборудования (по отраслям),4,5,4,3,1,4,4,4,3,5,3,3,4,4,1,3,4,3,4,4
ЭИО_011,Эксплуатация и обслуживание электрического и электромеханического оборудования (по отраслям),4,5,4,3,2,4,2,3,3,5,4,2,3,5,2,2,2,3,5,4
ЭИО_012,Эксплуатация и обслуживание электрического и электромеханического оборудования (по отраслям),4,5,2,4,3,2,4,2,4,5,3,2,3,4,1,4,2,2,5,2
ЭИО_013,Эксплуатация и обслуживание электрического и электромеханического оборудования (по отраслям),4,5,3,4,1,4,2,4,2,4,4,2,2,5,3,2,3,1,4,3
ЭИО_014,Эксплуатация и обслуживание электрического и электромеханического оборудования (по отраслям),2,4,4,3,2,3,3,2,4,5,3,1,4,5,1,4,3,1,4,2
ЭИО_015,Эксплуатация и обслуживание электрического и электромеханического оборудования (по отраслям),3,5,3,4,2,4,4,2,3,5,4,2,2,5,1,3,3,2,5,4
ЭИО_016,Эксплуатация и обслуживание электрического и электромеханического оборудования (по отраслям),4,4,2,4,2,4,4,3,3,5,4,1,3,5,2,4,4,1,4,4
ЭИО_017,Эксплуатация и обслуживание электрического и электромеханического оборудования (по отраслям),3,4,3,3,3,2,2,2,3,4,3,3,3,5,1,4,3,2,4,2
ЭИО_018,Эксплуатация и обслуживание электрического и электромеханического оборудования (по отраслям),2,4,2,3,3,4,2,4,2,4,3,2,4,4,1,4,2,2,5,3
ЭИО_019,Эксплуатация и обслуживание электрического и электромеханического оборудования (по отраслям),4,4,4,4,2,3,4,4,3,5,3,1,3,4,2,3,3,1,5,3
ЭИО_020,Эксплуатация и обслуживание электрического и электромеханического оборудования (по отраслям),2,5,2,4,1,4,3,2,4,5,3,1,4,5,1,4,4,1,5,4
БД_001,Банковское дело,3,1,2,4,2,4,5,5,1,3,2,3,4,1,4,4,3,1,4,4
БД_002,Банковское дело,3,3,2,5,3,3,5,4,3,2,2,2,5,1,4,4,3,3,3,4
БД_003,Банковское дело,2,3,4,4,3,4,5,4,2,3,4,1,4,3,2,4,4,1,3,4
БД_004,Банковское дело,2,3,4,5,3,2,5,4,1,2,2,1,4,2,3,3,4,3,3,4
БД_005,Банковское дело,4,2,2,4,3,2,5,4,2,2,2,3,5,3,4,3,4,3,2,3
БД_006,Банковское дело,2,3,2,5,4,2,5,4,1,4,4,1,4,1,4,3,3,1,3,3
БД_007,Банковское дело,4,1,2,4,3,4,4,4,1,3,3,3,5,2,2,3,3,1,2,3
БД_008,Банковское дело,3,1,2,5,2,3,4,5,3,2,3,1,4,1,2,4,2,1,3,3
БД_009,Банковское дело,2,1,2,4,4,4,5,5,3,3,4,1,4,1,4,4,4,2,3,3
БД_010,Банковское дело,2,3,4,4,4,2,5,4,3,3,3,2,4,3,2,3,2,3,2,4
БД_011,Банковское дело,4,3,2,5,4,4,4,5,1,2,2,1,5,2,2,3,4,1,2,4
БД_012,Банковское дело,3,1,3,5,3,4,5,4,1,4,2,3,4,1,2,4,4,1,2,3
БД_013,Банковское дело,4,2,4,5,3,2,5,4,1,3,2,1,4,3,3,3,3,1,2,4
БД_014,Банковское дело,4,2,2,5,2,2,5,4,2,3,2,2,4,3,3,4,2,2,2,3
БД_015,Банковское дело,4,3,2,5,2,2,5,5,2,2,3,1,5,3,2,3,4,3,2,3
БД_016,Банковское дело,3,3,3,4,4,3,5,5,1,4,3,3,4,1,3,4,4,1,4,3
БД_017,Банковское дело,4,1,3,4,2,3,4,5,3,3,3,3,4,2,3,3,2,3,2,4
БД_018,Банковское дело,2,1,3,5,2,4,4,4,2,4,3,1,5,3,4,3,3,2,2,4
БД_019,Банковское дело,2,2,4,5,4,4,4,4,2,4,3,3,4,2,3,4,4,3,4,3
БД_020,Банковское дело,4,1,4,5,4,2,5,4,1,3,3,2,4,2,3,3,4,3,4,3
ЭИБ_001,Экономика и бухгалтерский учет,4,3,2,4,3,2,4,5,3,4,4,1,3,2,3,4,4,3,3,3
ЭИБ_002,Экономика и бухгалтерский учет,2,1,3,5,3,3,4,5,3,4,4,3,4,2,4,4,4,3,2,2
ЭИБ_003,Экономика и бухгалтерский учет,3,1,2,5,2,3,4,4,1,3,2,3,3,2,2,3,4,3,2,3
ЭИБ_004,Экономика и бухгалтерский учет,3,3,4,4,3,3,5,5,3,4,2,2,3,1,2,3,4,3,3,3
ЭИБ_005,Экономика и бухгалтерский учет,4,2,4,5,3,4,5,5,2,4,2,2,3,2,2,4,3,2,2,2
ЭИБ_006,Экономика и бухгалтерский учет,3,2,3,4,4,2,5,4,1,4,4,3,3,1,2,3,2,2,4,2
ЭИБ_007,Экономика и бухгалтерский учет,3,2,3,4,2,4,4,5,2,2,3,2,3,3,3,3,2,2,3,2
ЭИБ_008,Экономика и бухгалтерский учет,3,2,2,4,4,4,5,5,2,3,4,3,3,3,4,4,3,3,2,4
ЭИБ_009,Экономика и бухгалтерский учет,3,1,2,4,3,2,5,4,2,3,2,2,3,3,4,3,4,3,2,3
ЭИБ_010,Экономика и бухгалтерский учет,2,1,2,5,4,4,4,5,1,3,3,3,3,3,3,4,2,3,3,3
ЭИБ_011,Экономика и бухгалтерский учет,3,2,2,5,3,3,5,5,3,2,2,3,4,3,3,4,3,1,4,3
ЭИБ_012,Экономика и бухгалтерский учет,4,2,2,4,2,2,5,5,3,3,2,3,4,1,2,4,4,2,3,2
ЭИБ_013,Экономика и бухгалтерский учет,4,2,4,4,2,2,5,5,3,3,2,2,4,2,4,4,2,1,2,2
ЭИБ_014,Экономика и бухгалтерский учет,3,2,4,5,2,4,5,5,1,3,4,3,3,1,2,4,3,1,4,4
ЭИБ_015,Экономика и бухгалтерский учет,3,3,3,5,3,4,5,4,2,4,4,3,3,2,2,3,2,2,3,4
ЭИБ_016,Экономика и бухгалтерский учет,2,2,2,4,3,3,5,5,1,3,3,3,3,3,2,3,2,3,2,4
ЭИБ_017,Экономика и бухгалтерский учет,3,2,4,5,3,4,5,4,3,4,3,1,3,1,4,4,3,2,3,3
ЭИБ_018,Экономика и бухгалтерский учет,2,1,2,4,4,2,4,4,2,3,2,1,3,1,3,4,3,3,3,2
ЭИБ_019,Экономика и бухгалтерский учет,3,3,4,5,2,4,5,4,3,2,2,1,3,3,2,4,2,1,2,2
ЭИБ_020,Экономика и бухгалтерский учет,3,3,2,4,2,3,5,4,1,2,2,3,3,2,2,4,2,1,3,4
СД_001,Страховое дело,2,1,2,4,4,4,3,5,1,2,2,3,4,3,3,3,2,3,4,4
СД_002,Страховое дело,4,3,2,4,4,4,3,4,2,2,4,1,3,1,4,4,3,2,4,4
СД_003,Страховое дело,3,3,2,4,3,5,4,4,3,2,3,1,4,1,3,2,4,1,3,5
СД_004,Страховое дело,4,2,4,4,2,5,4,4,2,3,3,3,4,3,3,2,4,2,3,5
СД_005,Страховое дело,2,1,3,5,2,4,4,4,2,3,4,3,3,1,2,3,3,3,4,4
СД_006,Страховое дело,4,1,2,5,2,5,3,5,1,2,3,3,4,2,4,4,4,2,4,5
СД_007,Страховое дело,3,2,4,5,3,5,3,5,1,2,3,2,4,1,4,2,2,1,4,4
СД_008,Страховое дело,2,2,4,4,2,5,4,4,2,4,4,1,3,3,4,3,3,1,3,5
СД_009,Страховое дело,3,3,3,5,4,4,3,5,1,3,3,2,4,2,3,2,2,1,4,5
СД_010,Страховое дело,4,1,3,5,2,5,4,5,1,4,4,2,4,2,4,2,4,1,3,5
СД_011,Страховое дело,3,3,3,5,3,5,3,4,3,2,2,2,4,3,4,2,4,2,3,4
СД_012,Страховое дело,3,2,3,5,3,4,3,4,1,4,3,3,3,3,2,3,2,2,2,4
СД_013,Страховое дело,4,2,2,5,4,5,4,5,1,4,3,3,3,2,3,4,3,2,4,4
СД_014,Страховое дело,3,1,4,4,3,5,4,4,3,3,3,2,3,2,4,2,4,1,3,5
СД_015,Страховое дело,2,2,4,5,2,4,3,5,2,2,4,3,4,2,2,3,2,3,3,5
СД_016,Страховое дело,3,3,4,5,2,5,4,5,3,4,3,3,3,1,4,4,4,1,4,5
СД_017,Страховое дело,2,3,4,5,3,5,3,4,2,3,2,1,3,3,4,3,3,2,3,4
СД_018,Страховое дело,4,1,3,5,3,4,4,4,2,2,2,1,3,1,2,3,3,2,4,5
СД_019,Страховое дело,3,3,2,4,2,5,3,4,2,3,4,3,3,3,2,4,3,1,2,4
СД_020,Страховое дело,3,3,3,4,3,5,3,5,3,2,2,1,3,3,4,4,4,2,3,4
ОДВ_001,Операционная деятельность в логистике,2,3,2,5,3,4,4,4,2,2,2,1,3,1,3,5,5,2,4,2
ОДВ_002,Операционная деятельность в логистике,3,3,3,4,3,4,4,5,3,2,3,1,4,2,4,5,5,1,4,4
ОДВ_003,Операционная деятельность в логистике,2,3,4,4,4,4,3,5,3,3,3,3,4,3,2,4,5,2,2,3
ОДВ_004,Операционная деятельность в логистике,3,2,2,4,3,2,3,5,3,3,4,2,3,2,2,5,5,3,3,3
ОДВ_005,Операционная деятельность в логистике,4,2,2,4,4,3,3,5,2,4,4,3,4,2,4,4,4,3,4,2
ОДВ_006,Операционная деятельность в логистике,4,2,4,4,2,3,3,5,2,4,2,1,3,1,4,4,5,2,3,3
ОДВ_007,Операционная деятельность в логистике,4,1,3,4,4,4,4,5,1,2,3,2,3,2,3,4,4,1,4,4
ОДВ_008,Операционная деятельность в логистике,4,3,2,4,3,2,4,4,1,3,4,2,4,1,2,5,4,3,2,2
ОДВ_009,Операционная деятельность в логистике,4,3,3,5,4,3,3,4,3,2,2,2,4,3,3,5,4,2,2,4
ОДВ_010,Операционная деятельность в логистике,2,2,4,4,3,2,4,4,1,3,3,1,4,1,3,5,4,1,3,2
ОДВ_011,Операционная деятельность в логистике,3,3,3,4,4,3,4,5,1,2,4,1,3,2,2,5,5,3,4,4
ОДВ_012,Операционная деятельность в логистике,4,3,2,4,3,4,4,5,2,4,3,1,3,3,2,5,4,3,3,3
ОДВ_013,Операционная деятельность в логистике,3,1,2,5,4,4,4,4,2,2,3,1,3,2,3,5,5,2,3,4
ОДВ_014,Операционная деятельность в логистике,3,3,3,5,2,3,4,4,3,4,4,2,3,1,2,4,4,1,2,3
ОДВ_015,Операционная деятельность в логистике,3,1,4,5,3,2,4,4,2,3,4,3,4,2,3,4,4,1,3,2
ОДВ_016,Операционная деятельность в логистике,2,2,2,4,4,4,4,4,3,2,4,3,3,2,2,4,5,3,2,3
ОДВ_017,Операционная деятельность в логистике,2,2,4,4,3,3,3,5,1,2,2,2,4,2,4,5,4,2,2,4
ОДВ_018,Операционная деятельность в логистике,4,2,3,4,2,2,4,5,1,4,2,3,4,1,3,5,4,1,3,2
ОДВ_019,Операционная деятельность в логистике,2,1,2,5,3,3,3,4,2,3,3,3,4,3,4,4,5,3,2,3
ОДВ_020,Операционная деятельность в логистике,4,1,3,5,3,3,4,5,1,3,3,3,3,2,4,5,4,1,4,3
ЭБП_001,Экологическая безопасность природных комплексов,3,3,2,3,3,4,3,4,4,3,3,2,3,2,3,4,2,3,3,4
ЭБП_002,Экологическая безопасность природных комплексов,4,2,3,3,4,2,1,4,4,4,3,2,3,2,4,5,3,2,4,4
ЭБП_003,Экологическая безопасность природных комплексов,4,1,2,4,2,2,2,2,4,3,4,2,4,3,4,5,4,2,4,5
ЭБП_004,Экологическая безопасность природных комплексов,3,1,2,3,2,4,3,3,4,3,4,1,3,2,2,4,2,3,3,5
ЭБП_005,Экологическая безопасность природных комплексов,4,2,4,4,3,4,3,3,5,3,2,1,3,1,2,4,2,3,2,4
ЭБП_006,Экологическая безопасность природных комплексов,2,2,4,3,4,2,2,4,4,2,3,2,3,2,3,4,2,1,2,5
ЭБП_007,Экологическая безопасность природных комплексов,3,2,2,4,4,2,1,3,5,2,3,1,3,3,4,5,3,2,4,5
ЭБП_008,Экологическая безопасность природных комплексов,2,2,3,4,4,4,3,4,5,2,4,1,3,2,4,5,4,1,3,5
ЭБП_009,Экологическая безопасность природных комплексов,3,1,3,4,3,4,2,2,4,3,4,1,4,2,3,4,4,1,4,5
ЭБП_010,Экологическая безопасность природных комплексов,4,3,4,4,2,3,3,4,5,3,4,3,4,2,2,4,3,3,4,4
ЭБП_011,Экологическая безопасность природных комплексов,4,2,2,3,2,2,3,3,4,3,3,2,3,1,4,4,2,2,3,5
ЭБП_012,Экологическая безопасность природных комплексов,4,1,2,3,2,3,2,2,4,2,4,1,4,2,3,5,2,3,3,4
ЭБП_013,Экологическая безопасность природных комплексов,4,3,4,3,4,2,2,3,4,2,4,3,3,3,2,4,2,3,2,4
ЭБП_014,Экологическая безопасность природных комплексов,3,1,4,4,4,3,3,3,4,2,4,2,4,1,2,4,3,2,2,4
ЭБП_015,Экологическая безопасность природных комплексов,3,2,3,3,2,3,2,4,5,3,4,3,3,1,4,5,2,1,3,5
ЭБП_016,Экологическая безопасность природных комплексов,3,2,4,4,2,3,1,2,4,2,3,2,4,1,3,4,3,1,4,4
ЭБП_017,Экологическая безопасность природных комплексов,4,1,4,4,3,3,3,4,5,4,4,2,4,1,3,4,4,2,3,4
ЭБП_018,Экологическая безопасность природных комплексов,4,3,4,4,4,3,3,3,4,3,2,1,4,2,4,4,4,3,3,4
ЭБП_019,Экологическая безопасность природных комплексов,2,3,4,4,4,3,3,2,4,2,4,3,4,1,3,5,4,1,4,4
ЭБП_020,Экологическая безопасность природных комплексов,3,2,4,4,2,2,3,2,5,3,4,3,3,2,3,4,4,3,4,4
Ю_001,Юриспруденция,3,2,3,4,5,4,2,3,3,4,2,2,4,1,2,4,4,2,1,4
Ю_002,Юриспруденция,2,2,2,5,4,5,2,3,3,4,3,3,4,2,4,3,4,2,3,5
Ю_003,Юриспруденция,4,2,2,4,4,5,4,3,1,4,4,3,3,3,2,3,4,1,3,4
Ю_004,Юриспруденция,4,2,2,5,4,4,3,4,2,2,4,1,3,2,3,3,4,2,2,4
Ю_005,Юриспруденция,2,1,4,5,4,5,3,2,1,4,3,1,3,3,3,2,3,2,2,5
Ю_006,Юриспруденция,4,2,3,5,5,4,2,4,3,3,3,3,4,1,4,3,3,3,3,5
Ю_007,Юриспруденция,3,1,3,5,4,5,4,3,3,2,2,3,3,3,4,4,4,3,3,4
Ю_008,Юриспруденция,4,3,2,4,4,4,3,4,1,2,4,3,3,1,3,2,3,3,3,5
Ю_009,Юриспруденция,2,3,4,5,5,4,3,2,2,3,2,2,3,3,3,3,4,1,1,4
Ю_010,Юриспруденция,4,1,3,4,4,5,2,2,2,3,4,1,3,3,3,2,3,3,1,5
Ю_011,Юриспруденция,3,1,3,4,5,5,3,3,1,2,2,1,3,2,4,4,4,1,2,4
Ю_012,Юриспруденция,3,2,4,5,4,5,2,3,3,2,2,2,3,1,4,4,3,2,3,5
Ю_013,Юриспруденция,3,1,4,4,4,5,4,2,1,4,3,3,4,1,2,3,4,3,1,4
Ю_014,Юриспруденция,2,2,3,5,5,5,4,2,3,4,3,1,3,3,4,4,3,2,1,5
Ю_015,Юриспруденция,4,1,2,5,5,4,4,4,2,4,3,3,4,3,3,3,3,3,2,5
Ю_016,Юриспруденция,2,2,4,5,4,4,4,2,3,3,2,1,3,2,4,4,4,2,3,4
Ю_017,Юриспруденция,4,3,2,4,5,4,3,3,3,3,3,1,3,1,3,3,3,2,1,4
Ю_018,Юриспруденция,4,1,3,5,4,4,4,4,2,4,2,1,4,2,2,3,4,3,3,4
Ю_019,Юриспруденция,2,1,4,5,4,5,4,4,2,2,4,1,3,1,4,2,3,1,2,4
Ю_020,Юриспруденция,4,3,3,4,4,5,4,4,2,2,3,3,3,2,3,3,4,1,3,5
ПД_001,Правоохранительная деятельность,2,3,4,4,4,4,3,3,3,3,3,1,3,3,3,2,3,3,2,5
ПД_002,Правоохранительная деятельность,1,2,2,4,5,5,2,4,3,2,2,2,3,3,4,4,4,2,2,4
ПД_003,Правоохранительная деятельность,2,2,3,4,5,4,2,4,3,3,2,3,3,3,2,2,3,2,3,4
ПД_004,Правоохранительная деятельность,1,2,3,4,5,5,2,2,3,2,4,1,3,4,3,2,4,1,4,4
ПД_005,Правоохранительная деятельность,2,3,3,5,4,5,4,4,1,3,4,2,4,3,2,2,3,3,4,4
ПД_006,Правоохранительная деятельность,3,2,4,4,5,5,3,3,3,4,3,1,2,3,2,2,3,2,4,5
ПД_007,Правоохранительная деятельность,3,4,3,5,4,4,3,3,3,3,3,2,2,3,2,2,3,2,3,4
ПД_008,Правоохранительная деятельность,1,4,2,4,5,4,4,3,3,4,3,3,4,4,4,4,4,3,3,5
ПД_009,Правоохранительная деятельность,2,2,2,5,4,5,2,2,3,2,4,1,3,3,2,3,4,3,3,4
ПД_010,Правоохранительная деятельность,2,2,2,5,4,4,3,2,3,2,2,2,3,3,4,4,4,1,2,4
ПД_011,Правоохранительная деятельность,1,3,2,4,5,4,3,4,1,2,2,1,2,4,2,2,3,2,4,4
ПД_012,Правоохранительная деятельность,2,2,3,5,4,5,3,4,1,4,4,2,4,3,2,2,3,1,2,5
ПД_013,Правоохранительная деятельность,3,3,3,5,4,4,4,4,1,4,3,1,3,3,2,4,4,1,4,5
ПД_014,Правоохранительная деятельность,1,4,2,5,4,4,4,3,3,4,3,2,4,4,2,3,4,3,4,5
ПД_015,Правоохранительная деятельность,3,3,3,5,5,4,2,2,1,3,2,2,2,4,3,3,3,2,3,4
ПД_016,Правоохранительная деятельность,1,2,3,5,5,4,4,2,2,4,4,2,3,4,3,3,4,2,3,5
ПД_017,Правоохранительная деятельность,2,3,2,4,5,4,3,4,1,3,2,2,4,3,3,2,3,1,2,5
ПД_018,Правоохранительная деятельность,1,4,2,5,4,5,3,3,3,4,3,1,4,3,4,4,4,1,3,5
ПД_019,Правоохранительная деятельность,2,3,3,4,5,4,3,2,1,4,4,1,3,3,4,4,4,3,3,5
ПД_020,Правоохранительная деятельность,1,3,2,5,5,4,3,3,3,2,3,1,4,3,3,4,3,2,4,5
ТИГ_001,Туризм и гостеприимство (гостиничные услуги),3,1,4,3,5,4,3,3,3,4,1,4,2,1,4,3,5,3,1,5
ТИГ_002,Туризм и гостеприимство (гостиничные услуги),2,3,4,2,5,2,2,4,3,4,2,2,2,1,4,2,5,2,1,4
ТИГ_003,Туризм и гостеприимство (гостиничные услуги),2,2,4,2,4,3,3,4,2,3,1,3,4,1,4,3,5,3,1,4
ТИГ_004,Туризм и гостеприимство (гостиничные услуги),2,3,4,3,4,3,1,2,2,3,2,4,4,2,4,4,5,4,1,5
ТИГ_005,Туризм и гостеприимство (гостиничные услуги),3,1,3,2,5,2,2,4,2,4,2,4,3,2,5,4,4,4,1,5
ТИГ_006,Туризм и гостеприимство (гостиничные услуги),4,2,4,4,5,3,3,2,3,2,1,4,4,2,5,3,4,4,3,4
ТИГ_007,Туризм и гостеприимство (гостиничные услуги),3,3,3,2,4,3,3,4,3,4,1,4,4,3,4,3,5,4,1,5
ТИГ_008,Туризм и гостеприимство (гостиничные услуги),2,1,4,3,5,2,2,2,4,2,2,2,2,3,5,3,5,4,2,4
ТИГ_009,Туризм и гостеприимство (гостиничные услуги),3,1,3,3,4,4,1,3,4,4,2,3,3,1,4,4,4,4,2,4
ТИГ_010,Туризм и гостеприимство (гостиничные услуги),3,2,3,2,4,4,1,2,3,2,3,4,3,1,4,4,4,4,2,4
ТИГ_011,Туризм и гостеприимство (гостиничные услуги),3,2,3,2,4,4,3,2,3,4,1,4,4,3,4,3,5,3,1,4
ТИГ_012,Туризм и гостеприимство (гостиничные услуги),2,2,3,2,5,2,1,2,2,3,1,2,3,1,4,2,4,4,1,4
ТИГ_013,Туризм и гостеприимство (гостиничные услуги),2,2,3,3,5,4,3,2,4,2,3,3,3,1,4,2,4,3,2,4
ТИГ_014,Туризм и гостеприимство (гостиничные услуги),2,2,4,2,5,2,2,2,2,4,2,4,4,2,4,2,4,3,2,5
ТИГ_015,Туризм и гостеприимство (гостиничные услуги),2,3,3,3,4,4,2,4,4,3,3,4,2,2,4,4,5,4,2,4
ТИГ_016,Туризм и гостеприимство (гостиничные услуги),3,1,4,3,4,4,3,4,2,2,1,4,2,2,4,4,5,2,3,4
ТИГ_017,Туризм и гостеприимство (гостиничные услуги),2,1,4,3,5,2,1,3,2,4,1,2,4,3,5,4,5,2,2,5
ТИГ_018,Туризм и гостеприимство (гостиничные услуги),4,1,4,4,5,2,1,4,3,3,1,2,4,1,4,4,4,4,2,5
ТИГ_019,Туризм и гостеприимство (гостиничные услуги),2,2,3,2,5,2,1,2,4,2,1,2,2,1,4,2,4,3,3,5
ТИГ_020,Туризм и гостеприимство (гостиничные услуги),3,1,3,2,5,2,3,2,3,3,3,3,4,1,5,3,4,3,2,5
ТИГ_001,Туризм и гостеприимство (туроператорские и турагентские услуги),2,2,4,3,5,2,2,2,3,3,1,3,3,3,4,5,5,3,2,3
ТИГ_002,Туризм и гостеприимство (туроператорские и турагентские услуги),3,2,4,2,5,2,3,3,2,2,1,2,3,3,5,5,5,3,2,4
ТИГ_003,Туризм и гостеприимство (туроператорские и турагентские услуги),3,2,4,3,4,3,1,2,3,4,1,2,4,2,5,5,5,4,1,4
ТИГ_004,Туризм и гостеприимство (туроператорские и турагентские услуги),3,2,3,2,5,2,2,4,4,4,1,4,3,2,5,4,5,2,3,4
ТИГ_005,Туризм и гостеприимство (туроператорские и турагентские услуги),4,1,3,2,4,4,3,3,3,4,3,2,3,2,4,5,5,4,2,4
ТИГ_006,Туризм и гостеприимство (туроператорские и турагентские услуги),4,3,4,4,5,4,2,4,2,2,3,4,4,1,5,4,5,4,2,2
ТИГ_007,Туризм и гостеприимство (туроператорские и турагентские услуги),2,2,3,2,4,4,2,4,3,4,2,4,4,1,4,5,4,4,1,2
ТИГ_008,Туризм и гостеприимство (туроператорские и турагентские услуги),3,1,3,3,4,2,1,2,4,2,1,3,4,2,4,4,4,3,1,3
ТИГ_009,Туризм и гостеприимство (туроператорские и турагентские услуги),2,2,3,3,4,4,1,3,3,4,1,2,3,2,4,4,4,2,3,2
ТИГ_010,Туризм и гостеприимство (туроператорские и турагентские услуги),3,3,4,3,5,3,3,3,3,3,3,3,4,1,5,5,5,4,1,3
ТИГ_011,Туризм и гостеприимство (туроператорские и турагентские услуги),3,1,3,3,5,4,1,2,4,2,3,3,3,2,5,5,5,4,1,2
ТИГ_012,Туризм и гостеприимство (туроператорские и турагентские услуги),4,2,3,4,5,2,3,3,4,3,1,4,4,2,4,5,5,3,3,4
ТИГ_013,Туризм и гостеприимство (туроператорские и турагентские услуги),2,3,4,3,4,4,1,4,4,4,3,2,3,2,4,5,5,2,2,2
ТИГ_014,Туризм и гостеприимство (туроператорские и турагентские услуги),3,3,3,2,4,2,3,4,2,2,2,4,3,1,5,5,5,2,3,3
ТИГ_015,Туризм и гостеприимство (туроператорские и турагентские услуги),4,2,3,4,4,4,3,4,3,2,3,3,3,3,4,5,5,4,3,4
ТИГ_016,Туризм и гостеприимство (туроператорские и турагентские услуги),4,2,4,2,4,3,1,3,2,2,1,3,3,3,4,5,4,3,2,4
ТИГ_017,Туризм и гостеприимство (туроператорские и турагентские услуги),4,1,4,2,4,3,2,3,3,4,1,4,3,1,5,4,5,3,1,3
ТИГ_018,Туризм и гостеприимство (туроператорские и турагентские услуги),2,2,4,2,5,2,3,4,4,2,3,3,4,3,4,5,5,4,1,3
ТИГ_019,Туризм и гостеприимство (туроператорские и турагентские услуги),3,3,4,2,5,2,3,2,4,2,3,4,3,1,5,5,5,4,1,2
ТИГ_020,Туризм и гостеприимство (туроператорские и турагентские услуги),4,2,4,3,5,3,2,3,2,4,3,3,4,3,4,5,4,2,2,4
